-- phpMyAdmin SQL Dump
-- version 4.9.2
-- https://www.phpmyadmin.net/
--
-- Hôte : 127.0.0.1:3308
-- Généré le :  ven. 28 août 2020 à 13:21
-- Version du serveur :  5.7.28
-- Version de PHP :  7.3.12

SET SQL_MODE = "NO_AUTO_VALUE_ON_ZERO";
SET AUTOCOMMIT = 0;
START TRANSACTION;
SET time_zone = "+00:00";


/*!40101 SET @OLD_CHARACTER_SET_CLIENT=@@CHARACTER_SET_CLIENT */;
/*!40101 SET @OLD_CHARACTER_SET_RESULTS=@@CHARACTER_SET_RESULTS */;
/*!40101 SET @OLD_COLLATION_CONNECTION=@@COLLATION_CONNECTION */;
/*!40101 SET NAMES utf8mb4 */;

--
-- Base de données :  `enseignementpolytech1`
--

-- --------------------------------------------------------

--
-- Structure de la table `cours`
--

DROP TABLE IF EXISTS `cours`;
CREATE TABLE IF NOT EXISTS `cours` (
  `idcours` int(11) NOT NULL AUTO_INCREMENT,
  `type` enum('CM','TD','TP') NOT NULL,
  `datecours` datetime NOT NULL,
  `duree` float NOT NULL,
  `idmodule` int(11) DEFAULT NULL,
  `idenseignant` int(11) DEFAULT NULL,
  PRIMARY KEY (`idcours`),
  KEY `foreign_key_idmodule` (`idmodule`),
  KEY `foreign_key_enseignant` (`idenseignant`)
) ENGINE=InnoDB AUTO_INCREMENT=19 DEFAULT CHARSET=latin1;

--
-- Déchargement des données de la table `cours`
--

INSERT INTO `cours` (`idcours`, `type`, `datecours`, `duree`, `idmodule`, `idenseignant`) VALUES
(1, 'TP', '2019-11-21 08:00:00', 8, NULL, NULL),
(2, 'CM', '2019-11-22 12:30:00', 1.5, 1, 2),
(3, 'TP', '2019-11-19 07:00:00', 4, 4, NULL),
(4, 'TP', '2019-11-20 12:00:00', 5, NULL, NULL),
(5, 'CM', '2019-11-22 14:15:00', 1.5, 1, 2),
(6, 'TP', '2019-11-18 12:30:00', 4, 2, 3),
(7, 'CM', '2019-11-20 09:15:00', 1.5, 5, 4),
(8, 'CM', '2019-11-20 11:00:00', 0.5, NULL, NULL),
(9, 'TP', '2019-11-22 07:00:00', 4, 3, 3),
(10, 'TD', '2019-11-19 12:30:00', 1.5, 6, NULL),
(11, 'TD', '2019-11-18 17:00:00', 1.75, 7, NULL),
(12, 'TP', '2019-11-18 07:00:00', 4, 8, NULL),
(13, 'TD', '2019-11-20 17:00:00', 1.75, 7, NULL),
(14, 'CM', '2019-11-20 07:30:00', 1.5, 5, 4),
(15, 'TD', '2019-11-19 17:00:00', 1.75, 7, NULL),
(16, 'TD', '2019-11-19 14:15:00', 1.5, 6, NULL),
(17, 'TD', '2019-11-21 17:00:00', 1.75, 7, NULL),
(18, 'CM', '1920-02-02 08:00:00', 1.5, NULL, NULL);

-- --------------------------------------------------------

--
-- Structure de la table `enseignant`
--

DROP TABLE IF EXISTS `enseignant`;
CREATE TABLE IF NOT EXISTS `enseignant` (
  `idenseignant` int(11) NOT NULL AUTO_INCREMENT,
  `nom` varchar(30) NOT NULL,
  `prenom` varchar(30) NOT NULL,
  `type` enum('permanant','vacataire') NOT NULL,
  `service` int(11) NOT NULL,
  `heuresup` enum('oui','non') NOT NULL,
  PRIMARY KEY (`idenseignant`)
) ENGINE=InnoDB AUTO_INCREMENT=5 DEFAULT CHARSET=latin1;

--
-- Déchargement des données de la table `enseignant`
--

INSERT INTO `enseignant` (`idenseignant`, `nom`, `prenom`, `type`, `service`, `heuresup`) VALUES
(1, 'Vernier', 'Flavien', 'permanant', 200, 'oui'),
(2, 'Mouille', 'Pascal', 'permanant', 120, 'non'),
(3, 'Badel', 'Adrien', 'permanant', 200, 'oui'),
(4, 'SCHRIVER', 'Muriel', 'vacataire', 50, 'non');

-- --------------------------------------------------------

--
-- Structure de la table `etudiant`
--

DROP TABLE IF EXISTS `etudiant`;
CREATE TABLE IF NOT EXISTS `etudiant` (
  `idetudiant` int(11) NOT NULL AUTO_INCREMENT,
  `nom` varchar(30) NOT NULL,
  `prenom` varchar(30) NOT NULL,
  `promo` int(11) NOT NULL,
  `filiere` varchar(15) NOT NULL,
  `groupetd` varchar(15) NOT NULL,
  `groupetp` varchar(15) NOT NULL,
  PRIMARY KEY (`idetudiant`) USING BTREE
) ENGINE=InnoDB AUTO_INCREMENT=43 DEFAULT CHARSET=latin1;

--
-- Déchargement des données de la table `etudiant`
--

INSERT INTO `etudiant` (`idetudiant`, `nom`, `prenom`, `promo`, `filiere`, `groupetd`, `groupetp`) VALUES
(1, 'BERTON', 'Nicolas', 2020, 'IAI', 'D', 'D1'),
(2, 'CARRY ', 'Guillaume', 2020, 'IAI', 'D', 'D1'),
(3, 'COVES', 'Dorian', 2020, 'IAI', 'D', 'D1'),
(4, 'DA SILVA RODRIGUES', 'Hugo', 2020, 'IAI', 'D', 'D1'),
(5, 'BOISSEAU', 'Nicolas', 2020, 'IAI', 'D', 'D1'),
(6, 'EXCOFFIER', 'Clément', 2020, 'IAI', 'D', 'D1'),
(7, 'GRUNER', 'Théo', 2020, 'IAI', 'D', 'D1'),
(8, 'KRULIC ', 'Nathan', 2020, 'IAI', 'D', 'D1'),
(9, 'LANG', 'Nicolas', 2020, 'IAI', 'D', 'D1'),
(10, 'LAVOREL', 'Tanguy', 2020, 'IAI', 'D', 'D1'),
(11, 'MICHALLET ', 'Denis', 2020, 'IAI', 'D', 'D1'),
(12, 'PALAU', 'Clément', 2020, 'IAI', 'D', 'D1'),
(13, 'PROTO ', 'Geoffrey', 2020, 'IAI', 'D', 'D1'),
(14, 'SEGUIN ', 'Valentin', 2020, 'IAI', 'D', 'D1'),
(15, 'DETIEGE ', 'Tom', 2020, 'IAI', 'D', 'D2'),
(16, 'DELATTRE', 'Nicolas', 2020, 'IAI', 'D', 'D2'),
(17, 'DUCROT', 'Maxime', 2020, 'IAI', 'D', 'D2'),
(18, 'HOUHA', 'Ryan', 2020, 'IAI', 'D', 'D2'),
(19, 'MANTONNIER', 'Ulysse', 2020, 'IAI', 'D', 'D2'),
(20, 'MICHEL', 'Nicolas', 2020, 'IAI', 'D', 'D2'),
(21, 'MOREL', 'Alexandre', 2020, 'IAI', 'D', 'D2'),
(22, 'REY', 'Cedric', 2020, 'IAI', 'D', 'D2'),
(23, 'ABDELOUAHAB', 'Zakariae', 2020, 'IAI', 'E', 'E1'),
(24, 'BOUHERA', 'Jaber', 2020, 'IAI', 'E', 'E1'),
(25, 'EXCOFFIER ', 'Valentin', 2020, 'IAI', 'E', 'E1'),
(26, 'VIMONT', 'Hugo', 2020, 'IAI', 'E', 'E1'),
(27, 'RICARD', 'Damien', 2020, 'IAI', 'E', 'E1'),
(28, 'ABITBOL', 'Rémy', 2020, 'IAI', 'E', 'E2'),
(29, 'DUBOIS', 'Antonin', 2020, 'IAI', 'E', 'E2'),
(30, 'BILLERY', 'Nathan', 2020, 'IAI', 'E', 'E2'),
(31, 'BRISOUX', 'Stefan', 2020, 'IAI', 'E', 'E2'),
(32, 'CONAN', 'Romain', 2020, 'IAI', 'E', 'E2'),
(33, 'CRUVIEUX', 'Julien', 2020, 'IAI', 'E', 'E2'),
(34, 'FOURNIER', 'Julian', 2020, 'IAI', 'E', 'E2'),
(35, 'GIRARD', 'Gabriel', 2020, 'IAI', 'E', 'E2'),
(36, 'GUISEPPI', 'Alexis', 2020, 'IAI', 'E', 'E2'),
(37, 'MARTOIA', 'Axel', 2020, 'IAI', 'E', 'E2'),
(38, 'QUENTIN', 'Thibaut', 2020, 'IAI', 'E', 'E2'),
(39, 'RICHARD', 'Thomas', 2020, 'IAI', 'E', 'E2'),
(40, 'SALOMEZ', 'Eric', 2020, 'IAI', 'E', 'E2'),
(41, 'STECHENKO', 'Jordan', 2020, 'IAI', 'E', 'E2'),
(42, 'ANNICCHIARICO', 'Laura', 2020, 'IAI', 'E', 'E2');

-- --------------------------------------------------------

--
-- Structure de la table `justification`
--

DROP TABLE IF EXISTS `justification`;
CREATE TABLE IF NOT EXISTS `justification` (
  `idtemps` int(11) NOT NULL AUTO_INCREMENT,
  `datedebut` int(11) NOT NULL,
  `datefin` int(11) NOT NULL,
  `justification` varchar(200) NOT NULL,
  `idetudiant` int(11) NOT NULL,
  PRIMARY KEY (`idtemps`),
  KEY `foreignkeyetudiant` (`idetudiant`)
) ENGINE=InnoDB DEFAULT CHARSET=latin1;

-- --------------------------------------------------------

--
-- Structure de la table `module`
--

DROP TABLE IF EXISTS `module`;
CREATE TABLE IF NOT EXISTS `module` (
  `Idmodule` int(11) NOT NULL AUTO_INCREMENT,
  `nom` varchar(20) NOT NULL,
  `semestre` int(11) NOT NULL,
  `heurescm` int(11) NOT NULL,
  `heurestd` int(11) NOT NULL,
  `heurestp` int(11) NOT NULL,
  `idenseignant` int(11) DEFAULT NULL,
  PRIMARY KEY (`Idmodule`),
  KEY `foreign_key_enseignant` (`idenseignant`)
) ENGINE=InnoDB AUTO_INCREMENT=9 DEFAULT CHARSET=latin1;

--
-- Déchargement des données de la table `module`
--

INSERT INTO `module` (`Idmodule`, `nom`, `semestre`, `heurescm`, `heurestd`, `heurestp`, `idenseignant`) VALUES
(1, 'EASI943', 1, 1, 1, 1, NULL),
(2, 'EASI944', 1, 1, 1, 1, NULL),
(3, 'EASI941', 1, 1, 1, 1, NULL),
(4, 'INFO941', 1, 1, 1, 1, NULL),
(5, 'SHES901', 1, 1, 1, 1, NULL),
(6, 'LANG901', 1, 1, 1, 1, NULL),
(7, 'LANG702', 1, 1, 1, 1, NULL),
(8, 'INFO942', 1, 1, 1, 1, NULL);

-- --------------------------------------------------------

--
-- Structure de la table `presence`
--

DROP TABLE IF EXISTS `presence`;
CREATE TABLE IF NOT EXISTS `presence` (
  `idetudiant` int(11) NOT NULL,
  `idcours` int(11) NOT NULL,
  `presence` enum('present','absent') DEFAULT NULL,
  `justificatif` enum('oui','non') NOT NULL DEFAULT 'non',
  KEY `foreign_key_etudiant` (`idetudiant`),
  KEY `foreign_key_cours` (`idcours`)
) ENGINE=InnoDB DEFAULT CHARSET=latin1;

--
-- Déchargement des données de la table `presence`
--

INSERT INTO `presence` (`idetudiant`, `idcours`, `presence`, `justificatif`) VALUES
(1, 1, NULL, 'non'),
(2, 1, NULL, 'non'),
(3, 1, NULL, 'non'),
(4, 1, NULL, 'non'),
(5, 1, NULL, 'non'),
(6, 1, NULL, 'non'),
(7, 1, NULL, 'non'),
(8, 1, NULL, 'non'),
(9, 1, NULL, 'non'),
(10, 1, NULL, 'non'),
(11, 1, NULL, 'non'),
(12, 1, NULL, 'non'),
(13, 1, NULL, 'non'),
(14, 1, NULL, 'non'),
(15, 1, NULL, 'non'),
(16, 1, NULL, 'non'),
(17, 1, NULL, 'non'),
(18, 1, NULL, 'non'),
(19, 1, NULL, 'non'),
(20, 1, NULL, 'non'),
(21, 1, NULL, 'non'),
(22, 1, NULL, 'non'),
(23, 1, NULL, 'non'),
(24, 1, NULL, 'non'),
(25, 1, NULL, 'non'),
(26, 1, NULL, 'non'),
(27, 1, NULL, 'non'),
(28, 1, NULL, 'non'),
(29, 1, NULL, 'non'),
(30, 1, NULL, 'non'),
(31, 1, NULL, 'non'),
(32, 1, NULL, 'non'),
(33, 1, NULL, 'non'),
(34, 1, NULL, 'non'),
(35, 1, NULL, 'non'),
(36, 1, NULL, 'non'),
(37, 1, NULL, 'non'),
(38, 1, NULL, 'non'),
(39, 1, NULL, 'non'),
(40, 1, NULL, 'non'),
(41, 1, NULL, 'non'),
(42, 1, NULL, 'non'),
(1, 2, NULL, 'non'),
(2, 2, NULL, 'non'),
(3, 2, NULL, 'non'),
(4, 2, NULL, 'non'),
(5, 2, NULL, 'non'),
(6, 2, NULL, 'non'),
(7, 2, NULL, 'non'),
(8, 2, NULL, 'non'),
(9, 2, NULL, 'non'),
(10, 2, NULL, 'non'),
(11, 2, NULL, 'non'),
(12, 2, NULL, 'non'),
(13, 2, NULL, 'non'),
(14, 2, NULL, 'non'),
(15, 2, NULL, 'non'),
(16, 2, NULL, 'non'),
(17, 2, NULL, 'non'),
(18, 2, NULL, 'non'),
(19, 2, NULL, 'non'),
(20, 2, NULL, 'non'),
(21, 2, NULL, 'non'),
(22, 2, NULL, 'non'),
(23, 2, NULL, 'non'),
(24, 2, NULL, 'non'),
(25, 2, NULL, 'non'),
(26, 2, NULL, 'non'),
(27, 2, NULL, 'non'),
(28, 2, NULL, 'non'),
(29, 2, NULL, 'non'),
(30, 2, NULL, 'non'),
(31, 2, NULL, 'non'),
(32, 2, NULL, 'non'),
(33, 2, NULL, 'non'),
(34, 2, NULL, 'non'),
(35, 2, NULL, 'non'),
(36, 2, NULL, 'non'),
(37, 2, NULL, 'non'),
(38, 2, NULL, 'non'),
(39, 2, NULL, 'non'),
(40, 2, NULL, 'non'),
(41, 2, NULL, 'non'),
(42, 2, NULL, 'non'),
(1, 3, NULL, 'non'),
(2, 3, NULL, 'non'),
(3, 3, NULL, 'non'),
(4, 3, NULL, 'non'),
(5, 3, NULL, 'non'),
(6, 3, NULL, 'non'),
(7, 3, NULL, 'non'),
(8, 3, NULL, 'non'),
(9, 3, NULL, 'non'),
(10, 3, NULL, 'non'),
(11, 3, NULL, 'non'),
(12, 3, NULL, 'non'),
(13, 3, NULL, 'non'),
(14, 3, NULL, 'non'),
(15, 3, NULL, 'non'),
(16, 3, NULL, 'non'),
(17, 3, NULL, 'non'),
(18, 3, NULL, 'non'),
(19, 3, NULL, 'non'),
(20, 3, NULL, 'non'),
(21, 3, NULL, 'non'),
(22, 3, NULL, 'non'),
(23, 3, NULL, 'non'),
(24, 3, NULL, 'non'),
(25, 3, NULL, 'non'),
(26, 3, NULL, 'non'),
(27, 3, NULL, 'non'),
(28, 3, NULL, 'non'),
(29, 3, NULL, 'non'),
(30, 3, NULL, 'non'),
(31, 3, NULL, 'non'),
(32, 3, NULL, 'non'),
(33, 3, NULL, 'non'),
(34, 3, NULL, 'non'),
(35, 3, NULL, 'non'),
(36, 3, NULL, 'non'),
(37, 3, NULL, 'non'),
(38, 3, NULL, 'non'),
(39, 3, NULL, 'non'),
(40, 3, NULL, 'non'),
(41, 3, NULL, 'non'),
(42, 3, NULL, 'non'),
(1, 4, NULL, 'non'),
(2, 4, NULL, 'non'),
(3, 4, NULL, 'non'),
(4, 4, NULL, 'non'),
(5, 4, NULL, 'non'),
(6, 4, NULL, 'non'),
(7, 4, NULL, 'non'),
(8, 4, NULL, 'non'),
(9, 4, NULL, 'non'),
(10, 4, NULL, 'non'),
(11, 4, NULL, 'non'),
(12, 4, NULL, 'non'),
(13, 4, NULL, 'non'),
(14, 4, NULL, 'non'),
(15, 4, NULL, 'non'),
(16, 4, NULL, 'non'),
(17, 4, NULL, 'non'),
(18, 4, NULL, 'non'),
(19, 4, NULL, 'non'),
(20, 4, NULL, 'non'),
(21, 4, NULL, 'non'),
(22, 4, NULL, 'non'),
(23, 4, NULL, 'non'),
(24, 4, NULL, 'non'),
(25, 4, NULL, 'non'),
(26, 4, NULL, 'non'),
(27, 4, NULL, 'non'),
(28, 4, NULL, 'non'),
(29, 4, NULL, 'non'),
(30, 4, NULL, 'non'),
(31, 4, NULL, 'non'),
(32, 4, NULL, 'non'),
(33, 4, NULL, 'non'),
(34, 4, NULL, 'non'),
(35, 4, NULL, 'non'),
(36, 4, NULL, 'non'),
(37, 4, NULL, 'non'),
(38, 4, NULL, 'non'),
(39, 4, NULL, 'non'),
(40, 4, NULL, 'non'),
(41, 4, NULL, 'non'),
(42, 4, NULL, 'non'),
(1, 5, NULL, 'non'),
(2, 5, NULL, 'non'),
(3, 5, NULL, 'non'),
(4, 5, NULL, 'non'),
(5, 5, NULL, 'non'),
(6, 5, NULL, 'non'),
(7, 5, NULL, 'non'),
(8, 5, NULL, 'non'),
(9, 5, NULL, 'non'),
(10, 5, NULL, 'non'),
(11, 5, NULL, 'non'),
(12, 5, NULL, 'non'),
(13, 5, NULL, 'non'),
(14, 5, NULL, 'non'),
(15, 5, NULL, 'non'),
(16, 5, NULL, 'non'),
(17, 5, NULL, 'non'),
(18, 5, NULL, 'non'),
(19, 5, NULL, 'non'),
(20, 5, NULL, 'non'),
(21, 5, NULL, 'non'),
(22, 5, NULL, 'non'),
(23, 5, NULL, 'non'),
(24, 5, NULL, 'non'),
(25, 5, NULL, 'non'),
(26, 5, NULL, 'non'),
(27, 5, NULL, 'non'),
(28, 5, NULL, 'non'),
(29, 5, NULL, 'non'),
(30, 5, NULL, 'non'),
(31, 5, NULL, 'non'),
(32, 5, NULL, 'non'),
(33, 5, NULL, 'non'),
(34, 5, NULL, 'non'),
(35, 5, NULL, 'non'),
(36, 5, NULL, 'non'),
(37, 5, NULL, 'non'),
(38, 5, NULL, 'non'),
(39, 5, NULL, 'non'),
(40, 5, NULL, 'non'),
(41, 5, NULL, 'non'),
(42, 5, NULL, 'non'),
(1, 6, NULL, 'non'),
(2, 6, NULL, 'non'),
(3, 6, NULL, 'non'),
(4, 6, NULL, 'non'),
(5, 6, NULL, 'non'),
(6, 6, NULL, 'non'),
(7, 6, NULL, 'non'),
(8, 6, NULL, 'non'),
(9, 6, NULL, 'non'),
(10, 6, NULL, 'non'),
(11, 6, NULL, 'non'),
(12, 6, NULL, 'non'),
(13, 6, NULL, 'non'),
(14, 6, NULL, 'non'),
(15, 6, NULL, 'non'),
(16, 6, NULL, 'non'),
(17, 6, NULL, 'non'),
(18, 6, NULL, 'non'),
(19, 6, NULL, 'non'),
(20, 6, NULL, 'non'),
(21, 6, NULL, 'non'),
(22, 6, NULL, 'non'),
(23, 6, NULL, 'non'),
(24, 6, NULL, 'non'),
(25, 6, NULL, 'non'),
(26, 6, NULL, 'non'),
(27, 6, NULL, 'non'),
(28, 6, NULL, 'non'),
(29, 6, NULL, 'non'),
(30, 6, NULL, 'non'),
(31, 6, NULL, 'non'),
(32, 6, NULL, 'non'),
(33, 6, NULL, 'non'),
(34, 6, NULL, 'non'),
(35, 6, NULL, 'non'),
(36, 6, NULL, 'non'),
(37, 6, NULL, 'non'),
(38, 6, NULL, 'non'),
(39, 6, NULL, 'non'),
(40, 6, NULL, 'non'),
(41, 6, NULL, 'non'),
(42, 6, NULL, 'non'),
(1, 7, NULL, 'non'),
(2, 7, NULL, 'non'),
(3, 7, NULL, 'non'),
(4, 7, NULL, 'non'),
(5, 7, NULL, 'non'),
(6, 7, NULL, 'non'),
(7, 7, NULL, 'non'),
(8, 7, NULL, 'non'),
(9, 7, NULL, 'non'),
(10, 7, NULL, 'non'),
(11, 7, NULL, 'non'),
(12, 7, NULL, 'non'),
(13, 7, NULL, 'non'),
(14, 7, NULL, 'non'),
(15, 7, NULL, 'non'),
(16, 7, NULL, 'non'),
(17, 7, NULL, 'non'),
(18, 7, NULL, 'non'),
(19, 7, NULL, 'non'),
(20, 7, NULL, 'non'),
(21, 7, NULL, 'non'),
(22, 7, NULL, 'non'),
(23, 7, NULL, 'non'),
(24, 7, NULL, 'non'),
(25, 7, NULL, 'non'),
(26, 7, NULL, 'non'),
(27, 7, NULL, 'non'),
(28, 7, NULL, 'non'),
(29, 7, NULL, 'non'),
(30, 7, NULL, 'non'),
(31, 7, NULL, 'non'),
(32, 7, NULL, 'non'),
(33, 7, NULL, 'non'),
(34, 7, NULL, 'non'),
(35, 7, NULL, 'non'),
(36, 7, NULL, 'non'),
(37, 7, NULL, 'non'),
(38, 7, NULL, 'non'),
(39, 7, NULL, 'non'),
(40, 7, NULL, 'non'),
(41, 7, NULL, 'non'),
(42, 7, NULL, 'non'),
(1, 8, NULL, 'non'),
(2, 8, NULL, 'non'),
(3, 8, NULL, 'non'),
(4, 8, NULL, 'non'),
(5, 8, NULL, 'non'),
(6, 8, NULL, 'non'),
(7, 8, NULL, 'non'),
(8, 8, NULL, 'non'),
(9, 8, NULL, 'non'),
(10, 8, NULL, 'non'),
(11, 8, NULL, 'non'),
(12, 8, NULL, 'non'),
(13, 8, NULL, 'non'),
(14, 8, NULL, 'non'),
(15, 8, NULL, 'non'),
(16, 8, NULL, 'non'),
(17, 8, NULL, 'non'),
(18, 8, NULL, 'non'),
(19, 8, NULL, 'non'),
(20, 8, NULL, 'non'),
(21, 8, NULL, 'non'),
(22, 8, NULL, 'non'),
(23, 8, NULL, 'non'),
(24, 8, NULL, 'non'),
(25, 8, NULL, 'non'),
(26, 8, NULL, 'non'),
(27, 8, NULL, 'non'),
(28, 8, NULL, 'non'),
(29, 8, NULL, 'non'),
(30, 8, NULL, 'non'),
(31, 8, NULL, 'non'),
(32, 8, NULL, 'non'),
(33, 8, NULL, 'non'),
(34, 8, NULL, 'non'),
(35, 8, NULL, 'non'),
(36, 8, NULL, 'non'),
(37, 8, NULL, 'non'),
(38, 8, NULL, 'non'),
(39, 8, NULL, 'non'),
(40, 8, NULL, 'non'),
(41, 8, NULL, 'non'),
(42, 8, NULL, 'non'),
(1, 9, NULL, 'non'),
(2, 9, NULL, 'non'),
(3, 9, NULL, 'non'),
(4, 9, NULL, 'non'),
(5, 9, NULL, 'non'),
(6, 9, NULL, 'non'),
(7, 9, NULL, 'non'),
(8, 9, NULL, 'non'),
(9, 9, NULL, 'non'),
(10, 9, NULL, 'non'),
(11, 9, NULL, 'non'),
(12, 9, NULL, 'non'),
(13, 9, NULL, 'non'),
(14, 9, NULL, 'non'),
(15, 9, NULL, 'non'),
(16, 9, NULL, 'non'),
(17, 9, NULL, 'non'),
(18, 9, NULL, 'non'),
(19, 9, NULL, 'non'),
(20, 9, NULL, 'non'),
(21, 9, NULL, 'non'),
(22, 9, NULL, 'non'),
(23, 9, NULL, 'non'),
(24, 9, NULL, 'non'),
(25, 9, NULL, 'non'),
(26, 9, NULL, 'non'),
(27, 9, NULL, 'non'),
(28, 9, NULL, 'non'),
(29, 9, NULL, 'non'),
(30, 9, NULL, 'non'),
(31, 9, NULL, 'non'),
(32, 9, NULL, 'non'),
(33, 9, NULL, 'non'),
(34, 9, NULL, 'non'),
(35, 9, NULL, 'non'),
(36, 9, NULL, 'non'),
(37, 9, NULL, 'non'),
(38, 9, NULL, 'non'),
(39, 9, NULL, 'non'),
(40, 9, NULL, 'non'),
(41, 9, NULL, 'non'),
(42, 9, NULL, 'non'),
(1, 10, NULL, 'non'),
(2, 10, NULL, 'non'),
(3, 10, NULL, 'non'),
(4, 10, NULL, 'non'),
(5, 10, NULL, 'non'),
(6, 10, NULL, 'non'),
(7, 10, NULL, 'non'),
(8, 10, NULL, 'non'),
(9, 10, NULL, 'non'),
(10, 10, NULL, 'non'),
(11, 10, NULL, 'non'),
(12, 10, NULL, 'non'),
(13, 10, NULL, 'non'),
(14, 10, NULL, 'non'),
(15, 10, NULL, 'non'),
(16, 10, NULL, 'non'),
(17, 10, NULL, 'non'),
(18, 10, NULL, 'non'),
(19, 10, NULL, 'non'),
(20, 10, NULL, 'non'),
(21, 10, NULL, 'non'),
(22, 10, NULL, 'non'),
(23, 10, NULL, 'non'),
(24, 10, NULL, 'non'),
(25, 10, NULL, 'non'),
(26, 10, NULL, 'non'),
(27, 10, NULL, 'non'),
(28, 10, NULL, 'non'),
(29, 10, NULL, 'non'),
(30, 10, NULL, 'non'),
(31, 10, NULL, 'non'),
(32, 10, NULL, 'non'),
(33, 10, NULL, 'non'),
(34, 10, NULL, 'non'),
(35, 10, NULL, 'non'),
(36, 10, NULL, 'non'),
(37, 10, NULL, 'non'),
(38, 10, NULL, 'non'),
(39, 10, NULL, 'non'),
(40, 10, NULL, 'non'),
(41, 10, NULL, 'non'),
(42, 10, NULL, 'non'),
(1, 11, NULL, 'non'),
(2, 11, NULL, 'non'),
(3, 11, NULL, 'non'),
(4, 11, NULL, 'non'),
(5, 11, NULL, 'non'),
(6, 11, NULL, 'non'),
(7, 11, NULL, 'non'),
(8, 11, NULL, 'non'),
(9, 11, NULL, 'non'),
(10, 11, NULL, 'non'),
(11, 11, NULL, 'non'),
(12, 11, NULL, 'non'),
(13, 11, NULL, 'non'),
(14, 11, NULL, 'non'),
(15, 11, NULL, 'non'),
(16, 11, NULL, 'non'),
(17, 11, NULL, 'non'),
(18, 11, NULL, 'non'),
(19, 11, NULL, 'non'),
(20, 11, NULL, 'non'),
(21, 11, NULL, 'non'),
(22, 11, NULL, 'non'),
(23, 11, NULL, 'non'),
(24, 11, NULL, 'non'),
(25, 11, NULL, 'non'),
(26, 11, NULL, 'non'),
(27, 11, NULL, 'non'),
(28, 11, NULL, 'non'),
(29, 11, NULL, 'non'),
(30, 11, NULL, 'non'),
(31, 11, NULL, 'non'),
(32, 11, NULL, 'non'),
(33, 11, NULL, 'non'),
(34, 11, NULL, 'non'),
(35, 11, NULL, 'non'),
(36, 11, NULL, 'non'),
(37, 11, NULL, 'non'),
(38, 11, NULL, 'non'),
(39, 11, NULL, 'non'),
(40, 11, NULL, 'non'),
(41, 11, NULL, 'non'),
(42, 11, NULL, 'non'),
(1, 12, NULL, 'non'),
(2, 12, NULL, 'non'),
(3, 12, NULL, 'non'),
(4, 12, NULL, 'non'),
(5, 12, NULL, 'non'),
(6, 12, NULL, 'non'),
(7, 12, NULL, 'non'),
(8, 12, NULL, 'non'),
(9, 12, NULL, 'non'),
(10, 12, NULL, 'non'),
(11, 12, NULL, 'non'),
(12, 12, NULL, 'non'),
(13, 12, NULL, 'non'),
(14, 12, NULL, 'non'),
(15, 12, NULL, 'non'),
(16, 12, NULL, 'non'),
(17, 12, NULL, 'non'),
(18, 12, NULL, 'non'),
(19, 12, NULL, 'non'),
(20, 12, NULL, 'non'),
(21, 12, NULL, 'non'),
(22, 12, NULL, 'non'),
(23, 12, NULL, 'non'),
(24, 12, NULL, 'non'),
(25, 12, NULL, 'non'),
(26, 12, NULL, 'non'),
(27, 12, NULL, 'non'),
(28, 12, NULL, 'non'),
(29, 12, NULL, 'non'),
(30, 12, NULL, 'non'),
(31, 12, NULL, 'non'),
(32, 12, NULL, 'non'),
(33, 12, NULL, 'non'),
(34, 12, NULL, 'non'),
(35, 12, NULL, 'non'),
(36, 12, NULL, 'non'),
(37, 12, NULL, 'non'),
(38, 12, NULL, 'non'),
(39, 12, NULL, 'non'),
(40, 12, NULL, 'non'),
(41, 12, NULL, 'non'),
(42, 12, NULL, 'non'),
(1, 13, NULL, 'non'),
(2, 13, NULL, 'non'),
(3, 13, NULL, 'non'),
(4, 13, NULL, 'non'),
(5, 13, NULL, 'non'),
(6, 13, NULL, 'non'),
(7, 13, NULL, 'non'),
(8, 13, NULL, 'non'),
(9, 13, NULL, 'non'),
(10, 13, NULL, 'non'),
(11, 13, NULL, 'non'),
(12, 13, NULL, 'non'),
(13, 13, NULL, 'non'),
(14, 13, NULL, 'non'),
(15, 13, NULL, 'non'),
(16, 13, NULL, 'non'),
(17, 13, NULL, 'non'),
(18, 13, NULL, 'non'),
(19, 13, NULL, 'non'),
(20, 13, NULL, 'non'),
(21, 13, NULL, 'non'),
(22, 13, NULL, 'non'),
(23, 13, NULL, 'non'),
(24, 13, NULL, 'non'),
(25, 13, NULL, 'non'),
(26, 13, NULL, 'non'),
(27, 13, NULL, 'non'),
(28, 13, NULL, 'non'),
(29, 13, NULL, 'non'),
(30, 13, NULL, 'non'),
(31, 13, NULL, 'non'),
(32, 13, NULL, 'non'),
(33, 13, NULL, 'non'),
(34, 13, NULL, 'non'),
(35, 13, NULL, 'non'),
(36, 13, NULL, 'non'),
(37, 13, NULL, 'non'),
(38, 13, NULL, 'non'),
(39, 13, NULL, 'non'),
(40, 13, NULL, 'non'),
(41, 13, NULL, 'non'),
(42, 13, NULL, 'non'),
(1, 14, NULL, 'non'),
(2, 14, NULL, 'non'),
(3, 14, NULL, 'non'),
(4, 14, NULL, 'non'),
(5, 14, NULL, 'non'),
(6, 14, NULL, 'non'),
(7, 14, NULL, 'non'),
(8, 14, NULL, 'non'),
(9, 14, NULL, 'non'),
(10, 14, NULL, 'non'),
(11, 14, NULL, 'non'),
(12, 14, NULL, 'non'),
(13, 14, NULL, 'non'),
(14, 14, NULL, 'non'),
(15, 14, NULL, 'non'),
(16, 14, NULL, 'non'),
(17, 14, NULL, 'non'),
(18, 14, NULL, 'non'),
(19, 14, NULL, 'non'),
(20, 14, NULL, 'non'),
(21, 14, NULL, 'non'),
(22, 14, NULL, 'non'),
(23, 14, NULL, 'non'),
(24, 14, NULL, 'non'),
(25, 14, NULL, 'non'),
(26, 14, NULL, 'non'),
(27, 14, NULL, 'non'),
(28, 14, NULL, 'non'),
(29, 14, NULL, 'non'),
(30, 14, NULL, 'non'),
(31, 14, NULL, 'non'),
(32, 14, NULL, 'non'),
(33, 14, NULL, 'non'),
(34, 14, NULL, 'non'),
(35, 14, NULL, 'non'),
(36, 14, NULL, 'non'),
(37, 14, NULL, 'non'),
(38, 14, NULL, 'non'),
(39, 14, NULL, 'non'),
(40, 14, NULL, 'non'),
(41, 14, NULL, 'non'),
(42, 14, NULL, 'non'),
(1, 15, NULL, 'non'),
(2, 15, NULL, 'non'),
(3, 15, NULL, 'non'),
(4, 15, NULL, 'non'),
(5, 15, NULL, 'non'),
(6, 15, NULL, 'non'),
(7, 15, NULL, 'non'),
(8, 15, NULL, 'non'),
(9, 15, NULL, 'non'),
(10, 15, NULL, 'non'),
(11, 15, NULL, 'non'),
(12, 15, NULL, 'non'),
(13, 15, NULL, 'non'),
(14, 15, NULL, 'non'),
(15, 15, NULL, 'non'),
(16, 15, NULL, 'non'),
(17, 15, NULL, 'non'),
(18, 15, NULL, 'non'),
(19, 15, NULL, 'non'),
(20, 15, NULL, 'non'),
(21, 15, NULL, 'non'),
(22, 15, NULL, 'non'),
(23, 15, NULL, 'non'),
(24, 15, NULL, 'non'),
(25, 15, NULL, 'non'),
(26, 15, NULL, 'non'),
(27, 15, NULL, 'non'),
(28, 15, NULL, 'non'),
(29, 15, NULL, 'non'),
(30, 15, NULL, 'non'),
(31, 15, NULL, 'non'),
(32, 15, NULL, 'non'),
(33, 15, NULL, 'non'),
(34, 15, NULL, 'non'),
(35, 15, NULL, 'non'),
(36, 15, NULL, 'non'),
(37, 15, NULL, 'non'),
(38, 15, NULL, 'non'),
(39, 15, NULL, 'non'),
(40, 15, NULL, 'non'),
(41, 15, NULL, 'non'),
(42, 15, NULL, 'non'),
(1, 16, NULL, 'non'),
(2, 16, NULL, 'non'),
(3, 16, NULL, 'non'),
(4, 16, NULL, 'non'),
(5, 16, NULL, 'non'),
(6, 16, NULL, 'non'),
(7, 16, NULL, 'non'),
(8, 16, NULL, 'non'),
(9, 16, NULL, 'non'),
(10, 16, NULL, 'non'),
(11, 16, NULL, 'non'),
(12, 16, NULL, 'non'),
(13, 16, NULL, 'non'),
(14, 16, NULL, 'non'),
(15, 16, NULL, 'non'),
(16, 16, NULL, 'non'),
(17, 16, NULL, 'non'),
(18, 16, NULL, 'non'),
(19, 16, NULL, 'non'),
(20, 16, NULL, 'non'),
(21, 16, NULL, 'non'),
(22, 16, NULL, 'non'),
(23, 16, NULL, 'non'),
(24, 16, NULL, 'non'),
(25, 16, NULL, 'non'),
(26, 16, NULL, 'non'),
(27, 16, NULL, 'non'),
(28, 16, NULL, 'non'),
(29, 16, NULL, 'non'),
(30, 16, NULL, 'non'),
(31, 16, NULL, 'non'),
(32, 16, NULL, 'non'),
(33, 16, NULL, 'non'),
(34, 16, NULL, 'non'),
(35, 16, NULL, 'non'),
(36, 16, NULL, 'non'),
(37, 16, NULL, 'non'),
(38, 16, NULL, 'non'),
(39, 16, NULL, 'non'),
(40, 16, NULL, 'non'),
(41, 16, NULL, 'non'),
(42, 16, NULL, 'non'),
(1, 17, NULL, 'non'),
(2, 17, NULL, 'non'),
(3, 17, NULL, 'non'),
(4, 17, NULL, 'non'),
(5, 17, NULL, 'non'),
(6, 17, NULL, 'non'),
(7, 17, NULL, 'non'),
(8, 17, NULL, 'non'),
(9, 17, NULL, 'non'),
(10, 17, NULL, 'non'),
(11, 17, NULL, 'non'),
(12, 17, NULL, 'non'),
(13, 17, NULL, 'non'),
(14, 17, NULL, 'non'),
(15, 17, NULL, 'non'),
(16, 17, NULL, 'non'),
(17, 17, NULL, 'non'),
(18, 17, NULL, 'non'),
(19, 17, NULL, 'non'),
(20, 17, NULL, 'non'),
(21, 17, NULL, 'non'),
(22, 17, NULL, 'non'),
(23, 17, NULL, 'non'),
(24, 17, NULL, 'non'),
(25, 17, NULL, 'non'),
(26, 17, NULL, 'non'),
(27, 17, NULL, 'non'),
(28, 17, NULL, 'non'),
(29, 17, NULL, 'non'),
(30, 17, NULL, 'non'),
(31, 17, NULL, 'non'),
(32, 17, NULL, 'non'),
(33, 17, NULL, 'non'),
(34, 17, NULL, 'non'),
(35, 17, NULL, 'non'),
(36, 17, NULL, 'non'),
(37, 17, NULL, 'non'),
(38, 17, NULL, 'non'),
(39, 17, NULL, 'non'),
(40, 17, NULL, 'non'),
(41, 17, NULL, 'non'),
(42, 17, NULL, 'non');

--
-- Contraintes pour les tables déchargées
--

--
-- Contraintes pour la table `cours`
--
ALTER TABLE `cours`
  ADD CONSTRAINT `cours_ibfk_1` FOREIGN KEY (`idmodule`) REFERENCES `module` (`Idmodule`),
  ADD CONSTRAINT `cours_ibfk_2` FOREIGN KEY (`idenseignant`) REFERENCES `enseignant` (`idenseignant`);

--
-- Contraintes pour la table `justification`
--
ALTER TABLE `justification`
  ADD CONSTRAINT `justification_ibfk_1` FOREIGN KEY (`idetudiant`) REFERENCES `etudiant` (`idetudiant`);

--
-- Contraintes pour la table `module`
--
ALTER TABLE `module`
  ADD CONSTRAINT `module_ibfk_1` FOREIGN KEY (`idenseignant`) REFERENCES `enseignant` (`idenseignant`);

--
-- Contraintes pour la table `presence`
--
ALTER TABLE `presence`
  ADD CONSTRAINT `presence_ibfk_1` FOREIGN KEY (`idetudiant`) REFERENCES `etudiant` (`idetudiant`),
  ADD CONSTRAINT `presence_ibfk_2` FOREIGN KEY (`idcours`) REFERENCES `cours` (`idcours`);
COMMIT;

/*!40101 SET CHARACTER_SET_CLIENT=@OLD_CHARACTER_SET_CLIENT */;
/*!40101 SET CHARACTER_SET_RESULTS=@OLD_CHARACTER_SET_RESULTS */;
/*!40101 SET COLLATION_CONNECTION=@OLD_COLLATION_CONNECTION */;
